{"stats":{"minecraft:killed_by":{"minecraft:zombie":1},"minecraft:picked_up":{"minecraft:sweet_berries":8,"minecraft:spruce_planks":9,"minecraft:spruce_sapling":2,"minecraft:spruce_log":2,"minecraft:dirt":16},"minecraft:used":{"minecraft:dirt":16,"minecraft:spruce_planks":17},"minecraft:custom":{"minecraft:time_since_rest":29680,"minecraft:crouch_one_cm":258,"minecraft:play_time":102037,"minecraft:sprint_one_cm":28454,"minecraft:damage_taken":805,"minecraft:deaths":3,"minecraft:walk_one_cm":15972,"minecraft:sneak_time":176,"minecraft:walk_under_water_one_cm":1697,"minecraft:drop":1,"minecraft:jump":183,"minecraft:damage_dealt":10,"minecraft:leave_game":10,"minecraft:time_since_death":29655,"minecraft:walk_on_water_one_cm":4546,"minecraft:total_world_time":102037,"minecraft:swim_one_cm":3964,"minecraft:fall_one_cm":7527,"minecraft:fly_one_cm":63664},"minecraft:crafted":{"minecraft:spruce_planks":8},"minecraft:dropped":{"minecraft:spruce_sapling":1},"minecraft:mined":{"minecraft:spruce_planks":9,"minecraft:sweet_berry_bush":3,"minecraft:spruce_leaves":4,"minecraft:spruce_log":2}},"DataVersion":3465}