{"stats":{"minecraft:picked_up":{"minecraft:spruce_planks":9,"minecraft:spruce_sapling":1,"minecraft:spruce_log":2,"minecraft:dirt":16},"minecraft:crafted":{"minecraft:spruce_planks":8},"minecraft:custom":{"minecraft:time_since_rest":9023,"minecraft:crouch_one_cm":258,"minecraft:sprint_one_cm":19464,"minecraft:play_time":9023,"minecraft:damage_taken":210,"minecraft:walk_one_cm":9353,"minecraft:sneak_time":80,"minecraft:walk_under_water_one_cm":787,"minecraft:jump":113,"minecraft:damage_dealt":10,"minecraft:leave_game":3,"minecraft:walk_on_water_one_cm":1467,"minecraft:time_since_death":9023,"minecraft:total_world_time":9023,"minecraft:swim_one_cm":3964,"minecraft:fall_one_cm":2599,"minecraft:fly_one_cm":25085},"minecraft:used":{"minecraft:dirt":16,"minecraft:spruce_planks":17},"minecraft:mined":{"minecraft:spruce_planks":9,"minecraft:spruce_log":2,"minecraft:spruce_leaves":4}},"DataVersion":3120}