{"stats":{"minecraft:mined":{"minecraft:spruce_planks":9,"minecraft:spruce_log":2,"minecraft:spruce_leaves":4},"minecraft:dropped":{"minecraft:spruce_sapling":1},"minecraft:crafted":{"minecraft:spruce_planks":8},"minecraft:killed_by":{"minecraft:zombie":1},"minecraft:custom":{"minecraft:time_since_rest":6163,"minecraft:crouch_one_cm":258,"minecraft:sprint_one_cm":19800,"minecraft:play_time":15732,"minecraft:damage_taken":235,"minecraft:deaths":1,"minecraft:walk_one_cm":9752,"minecraft:sneak_time":172,"minecraft:walk_under_water_one_cm":1697,"minecraft:drop":1,"minecraft:jump":120,"minecraft:damage_dealt":10,"minecraft:leave_game":5,"minecraft:walk_on_water_one_cm":4546,"minecraft:time_since_death":6137,"minecraft:total_world_time":15732,"minecraft:swim_one_cm":3964,"minecraft:fall_one_cm":2599,"minecraft:fly_one_cm":31501},"minecraft:picked_up":{"minecraft:spruce_planks":9,"minecraft:spruce_sapling":1,"minecraft:spruce_log":2,"minecraft:dirt":16},"minecraft:used":{"minecraft:dirt":16,"minecraft:spruce_planks":17}},"DataVersion":3120}